{
	"partitions" : [
		{
			"name" : "Top",
			"pins" : [
				{
					"name" : "WriteData[0]",
					"strict" : false
				},
				{
					"name" : "WriteData[1]",
					"strict" : false
				},
				{
					"name" : "WriteData[2]",
					"strict" : false
				},
				{
					"name" : "WriteData[3]",
					"strict" : false
				},
				{
					"name" : "WriteData[4]",
					"strict" : false
				},
				{
					"name" : "WriteData[5]",
					"strict" : false
				},
				{
					"name" : "WriteData[6]",
					"strict" : false
				},
				{
					"name" : "WriteData[7]",
					"strict" : false
				},
				{
					"name" : "WriteData[8]",
					"strict" : false
				},
				{
					"name" : "WriteData[9]",
					"strict" : false
				},
				{
					"name" : "WriteData[10]",
					"strict" : false
				},
				{
					"name" : "WriteData[11]",
					"strict" : false
				},
				{
					"name" : "WriteData[12]",
					"strict" : false
				},
				{
					"name" : "WriteData[13]",
					"strict" : false
				},
				{
					"name" : "WriteData[14]",
					"strict" : false
				},
				{
					"name" : "WriteData[15]",
					"strict" : false
				},
				{
					"name" : "WriteData[16]",
					"strict" : false
				},
				{
					"name" : "WriteData[17]",
					"strict" : false
				},
				{
					"name" : "WriteData[18]",
					"strict" : false
				},
				{
					"name" : "WriteData[19]",
					"strict" : false
				},
				{
					"name" : "WriteData[20]",
					"strict" : false
				},
				{
					"name" : "WriteData[21]",
					"strict" : false
				},
				{
					"name" : "WriteData[22]",
					"strict" : false
				},
				{
					"name" : "WriteData[23]",
					"strict" : false
				},
				{
					"name" : "WriteData[24]",
					"strict" : false
				},
				{
					"name" : "WriteData[25]",
					"strict" : false
				},
				{
					"name" : "WriteData[26]",
					"strict" : false
				},
				{
					"name" : "WriteData[27]",
					"strict" : false
				},
				{
					"name" : "WriteData[28]",
					"strict" : false
				},
				{
					"name" : "WriteData[29]",
					"strict" : false
				},
				{
					"name" : "WriteData[30]",
					"strict" : false
				},
				{
					"name" : "WriteData[31]",
					"strict" : false
				},
				{
					"name" : "Adr[0]",
					"strict" : false
				},
				{
					"name" : "Adr[1]",
					"strict" : false
				},
				{
					"name" : "Adr[2]",
					"strict" : false
				},
				{
					"name" : "Adr[3]",
					"strict" : false
				},
				{
					"name" : "Adr[4]",
					"strict" : false
				},
				{
					"name" : "Adr[5]",
					"strict" : false
				},
				{
					"name" : "Adr[6]",
					"strict" : false
				},
				{
					"name" : "Adr[7]",
					"strict" : false
				},
				{
					"name" : "Adr[8]",
					"strict" : false
				},
				{
					"name" : "Adr[9]",
					"strict" : false
				},
				{
					"name" : "Adr[10]",
					"strict" : false
				},
				{
					"name" : "Adr[11]",
					"strict" : false
				},
				{
					"name" : "Adr[12]",
					"strict" : false
				},
				{
					"name" : "Adr[13]",
					"strict" : false
				},
				{
					"name" : "Adr[14]",
					"strict" : false
				},
				{
					"name" : "Adr[15]",
					"strict" : false
				},
				{
					"name" : "Adr[16]",
					"strict" : false
				},
				{
					"name" : "Adr[17]",
					"strict" : false
				},
				{
					"name" : "Adr[18]",
					"strict" : false
				},
				{
					"name" : "Adr[19]",
					"strict" : false
				},
				{
					"name" : "Adr[20]",
					"strict" : false
				},
				{
					"name" : "Adr[21]",
					"strict" : false
				},
				{
					"name" : "Adr[22]",
					"strict" : false
				},
				{
					"name" : "Adr[23]",
					"strict" : false
				},
				{
					"name" : "Adr[24]",
					"strict" : false
				},
				{
					"name" : "Adr[25]",
					"strict" : false
				},
				{
					"name" : "Adr[26]",
					"strict" : false
				},
				{
					"name" : "Adr[27]",
					"strict" : false
				},
				{
					"name" : "Adr[28]",
					"strict" : false
				},
				{
					"name" : "Adr[29]",
					"strict" : false
				},
				{
					"name" : "Adr[30]",
					"strict" : false
				},
				{
					"name" : "Adr[31]",
					"strict" : false
				},
				{
					"name" : "MemWrite",
					"strict" : false
				},
				{
					"name" : "clk",
					"strict" : false
				},
				{
					"name" : "reset",
					"strict" : false
				}
			]
		}
	]
}